<?xml version="1.0" encoding="UTF-8"?>
<project-private xmlns="http://www.netbeans.org/ns/project-private/1">
    <editor-bookmarks xmlns="http://www.netbeans.org/ns/editor-bookmarks/2" lastBookmarkId="0"/>
    <open-files xmlns="http://www.netbeans.org/ns/projectui-open-files/2">
        <group>
            <file>file:/C:/xampp/htdocs/LoginPDO/view/listaUsuarios.php</file>
            <file>file:/C:/xampp/htdocs/LoginPDO/controller/cLogin.php</file>
            <file>file:/C:/xampp/htdocs/LoginPDO/pdo/connection.php</file>
            <file>file:/C:/xampp/htdocs/LoginPDO/controller/editUser.php</file>
            <file>file:/C:/xampp/htdocs/LoginPDO/pdo/config.php</file>
            <file>file:/C:/xampp/htdocs/LoginPDO/view/login.php</file>
            <file>file:/C:/xampp/htdocs/LoginPDO/view/cadUsuario.php</file>
            <file>file:/C:/xampp/htdocs/LoginPDO/controller/logout.php</file>
            <file>file:/C:/xampp/htdocs/LoginPDO/controller/cUsuario.php</file>
            <file>file:/C:/xampp/htdocs/LoginPDO/view/editUsuario.php</file>
            <file>file:/C:/xampp/htdocs/LoginPDO/controller/deleteUser.php</file>
        </group>
    </open-files>
</project-private>
